"unique_id","sample_location","mean_group_area","mean_peak_rating","median_group_area","median_peak_rating","sd_group_area","sd_peak_rating","n_group_area","n_peak_rating","se_group_area","se_peak_rating"
"11-Nor-9-carboxy-delta-9-tetrahydrocannabinol_19.107","digesterA",12313250.1054711,7.05,12313250.1054711,7.05,3581945.71816704,0.919238815542512,2,2,2532818.10715803,0.65
"11-Nor-9-carboxy-delta-9-tetrahydrocannabinol_19.256","digesterD",30401957.9007513,5.75,30401957.9007513,5.75,14085883.2213423,0.636396103067893,2,2,9960223.54481295,0.45
"11-Nor-9-carboxy-delta-9-tetrahydrocannabinol_19.608","centrin",10597160.4710151,7.15,10597160.4710151,7.15,264384.023232453,0.777817459305203,2,2,186947.735665049,0.55
"11-Nor-9-carboxy-delta-9-tetrahydrocannabinol_21.046","digesterA",3242891.92258722,7.9,3242891.92258722,7.9,504880.561195532,0.424264068711928,2,2,357004.46851063,0.3
"11-Nor-9-carboxy-delta-9-tetrahydrocannabinol_21.046","digesterC",5942332.13390104,8.2,5942332.13390104,8.2,48538.89234974,0.424264068711928,2,2,34322.179931785,0.3
"11-Nor-9-carboxy-delta-9-tetrahydrocannabinol_21.046","digesterD",6006301.31528055,6.7,6006301.31528055,6.7,1379378.79322904,2.12132034355964,2,2,975368.09851717,1.5
"11-Nor-9-carboxy-delta-9-tetrahydrocannabinol_21.223","centrin",7407952.39248309,7.1,7407952.39248309,7.1,993181.36158755,1.13137084989848,2,2,702285.275726645,0.8
"11-Nor-9-carboxy-delta-9-tetrahydrocannabinol_21.223","olddry",5045180.65909389,6.4,5045180.65909389,6.4,781095.33383527,0.14142135623731,2,2,552317.80730809,0.1
"17-Methyltestosterone_15.093","digesterA",416862150.261026,8.65,416862150.261026,8.65,42358992.4499352,0.353553390593274,2,2,29952330.805579,0.25
"17-Methyltestosterone_21.895","newdry",6275257.91732516,6.55,6275257.91732516,6.55,841381.725654265,1.90918830920368,2,2,594946.72377657,1.35
"17-Methyltestosterone_23.017","centrin",24084170.1733518,8.2,22737878.4644789,8,2735157.62875971,0.346410161513775,3,3,1579143.99324048,0.2
"17-Methyltestosterone_23.017","digesterA",16565763.3416642,6.95,16565763.3416642,6.95,1309454.35099374,2.33345237791561,2,2,925924.0512419,1.65
"17-Methyltestosterone_23.017","digesterB",16493181.9136219,6.25,16493181.9136219,6.25,4419451.31313471,1.34350288425444,2,2,3125023.99264135,0.95
"17-Methyltestosterone_23.017","digesterD",31396941.0874694,8.2,31396941.0874694,8.2,4965620.37129958,0.282842712474619,2,2,3511223.837344,0.2
"17-Methyltestosterone_23.017","feedpump",103361566.193639,7.46666666666667,90356564.462422,7.3,27537552.3711261,1.35769412362775,3,3,15898813.2742931,0.783865067753657
"17-Methyltestosterone_23.017","newdry",26367722.3021578,7.66666666666667,26886708.2362665,8,1705255.99121624,1.13724814061547,3,3,984530.005565921,0.65659052011974
"17-Methyltestosterone_23.017","olddry",47516213.1535338,8,37256053.7623745,8.4,18920213.1423712,1.15325625946708,3,3,10923590.1508731,0.665832811847939
"2,4-Di-tert-butylphenol_20.514","newdry",10096966.6234883,5.9,10096966.6234883,5.9,13135981.4558214,0.848528137423857,2,2,9288541.56495206,0.6
"2,4-Di-tert-butylphenol_20.571","digesterA",10232707.8664546,8.55,10232707.8664546,8.55,1347273.17316004,0.353553390593274,2,2,952665.99685218,0.25
"2,4-Di-tert-butylphenol_20.571","digesterC",12564973.87883,6.1,12564973.87883,6.1,7152886.71456032,0.282842712474619,2,2,5057854.70092477,0.2
"2,4-Di-tert-butylphenol_20.571","feedpump",4033392.13396863,8.7,4726692.45148493,8.7,1311081.58056357,0,3,3,756953.303467937,0
"2,4-Di-tert-butylphenol_20.571","newdry",16618774.7180525,5.7,16618774.7180525,5.7,3809760.1373431,0.282842712474619,2,2,2693907.2278095,0.2
"2,4-Di-tert-butylphenol_20.636","centrin",11623840.3889473,6.75,11623840.3889473,6.75,12299417.4384957,0.353553390593274,2,2,8697001.47540439,0.25
"2,4-Di-tert-butylphenol_20.746","centrin",9104994.23802331,6.75,9104994.23802331,6.75,4939909.06717888,1.34350288425444,2,2,3493043.19984709,0.95
"2-Ethylmethcathinone_16.546","centrin",5740570.60865533,6.85,5740570.60865533,6.85,455586.673808275,0.777817459305203,2,2,322148.426468055,0.55
"2-Ethylmethcathinone_16.546","digesterA",18238000.485833,6.45,18238000.485833,6.45,757863.166600113,0.777817459305202,2,2,535890.18431445,0.55
"2-Ethylmethcathinone_16.546","digesterC",9143043.07154389,7.15,9143043.07154389,7.15,118487.840150747,0.777817459305203,2,2,83783.5552587407,0.55
"2C-G_14.415","olddry",18888464.8041842,6.15,18888464.8041842,6.15,3366963.03673561,0.353553390593274,2,2,2380802.3952802,0.25
"2C-P_23.569","centrin",4322258.44562736,6.63333333333333,4443315.74613699,7.1,1300615.19390434,1.26622799421484,3,3,750910.532312789,0.731057073315377
"2C-P_23.569","digesterA",3982498.96956751,6.8,3982498.96956751,6.8,326674.112614421,0.424264068711928,2,2,230993.480267755,0.3
"2C-P_23.569","feedpump",4055554.1549164,6.5,4359266.53930524,6.5,1175193.19992543,1.1,3,3,678498.110326765,0.635085296108588
"2C-P_23.569","olddry",3627398.16629263,7.6,3627398.16629263,7.6,390201.812299964,0,2,2,275914.347508585,0
"3alpha-Androstanediol_22.089","feedpump",5198126.02216284,6.95,5198126.02216284,6.95,585186.19159942,0.919238815542512,2,2,413789.12433668,0.65
"3alpha-Androstanediol_22.089","newdry",6516314.97977994,5.75,6516314.97977994,5.75,2977599.81348388,0.494974746830583,2,2,2105481.01977425,0.35
"4-Methoxyamphetamine_17.851","centrin",5025561.40658827,7.2,5032152.83793858,7.1,858066.281390056,0.953939201416945,3,3,495404.79854309,0.55075705472861
"4-Methoxyamphetamine_17.851","digesterA",22994684.8110459,8.85,22994684.8110459,8.85,6370009.54324887,0.353553390593274,2,2,4504276.9442543,0.25
"4-Methoxyamphetamine_17.851","digesterB",19868529.3714919,7.25,19868529.3714919,7.25,3029912.89844493,1.90918830920368,2,2,2142471.956895,1.35
"4-Methoxyamphetamine_17.851","digesterC",1276458.92104519,7.6,1276458.92104519,7.6,37470.9836682714,0,2,2,26495.986649565,0
"4-Methoxyamphetamine_17.851","newdry",5649246.0822969,7.63333333333333,5410576.13022881,7.9,1622095.74071062,0.461880215351701,3,3,936517.41255062,0.266666666666667
"4-Methoxyamphetamine_17.851","olddry",13054780.9757327,8.1,13278600.1046461,8.3,1575021.00693217,0.346410161513776,3,3,909338.802331602,0.2
"AB-001_20.591","newdry",3834200.38845565,7.65,3834200.38845565,7.65,1117748.53507438,0.777817459305202,2,2,790367.568812425,0.55
"AM-1235_18.694","digesterB",19926565.9337594,5.6,19926565.9337594,5.6,5636713.41466691,0.424264068711929,2,2,3985758.27911615,0.3
"APP-FUBINACA_10.246","digesterC",21759161.9002004,6.4,21759161.9002004,6.4,6721964.18207165,1.5556349186104,2,2,4753146.45603595,1.1
"Alphaxalone_22.111","centrin",4654124.53980678,7.25,4654124.53980678,7.25,1311182.72781551,0.212132034355965,2,2,927146.19821302,0.15
"Alphaxalone_22.111","digesterA",7737533.78686019,7.95,7737533.78686019,7.95,547257.62145555,0.777817459305202,2,2,386969.57518724,0.55
"Androsta-1,4-diene-3,17-dione_16.356","newdry",14905787.9933263,7.36666666666667,15800389.0492996,7.7,1892276.21476662,0.850490054811538,3,3,1092506.18197663,0.491030662088541
"Bezitramide [INN:BAN:DCF]_21.409","centrin",9951893.02563624,6.7,9951893.02563624,6.7,3044221.87273405,1.69705627484771,2,2,2152589.92964666,1.2
"Bezitramide [INN:BAN:DCF]_21.409","digesterB",24354497.2082907,6.15,24354497.2082907,6.15,6895415.90120068,0.353553390593274,2,2,4875795.34284055,0.25
"Bezitramide [INN:BAN:DCF]_21.409","digesterC",20785714.6748074,5.6,20785714.6748074,5.6,6449663.67748202,0.424264068711929,2,2,4560600.9227201,0.3
"Bezitramide [INN:BAN:DCF]_21.409","digesterD",7837972.97803845,7.8,7837972.97803845,7.8,2053092.82652043,0.14142135623731,2,2,1451755.86003805,0.1
"Bezitramide [INN:BAN:DCF]_21.409","newdry",17783405.428751,7.76666666666667,16599840.5862449,7.5,7878499.4258924,0.461880215351701,3,3,4548653.76434929,0.266666666666667
"Bezitramide [INN:BAN:DCF]_21.409","olddry",11406281.6132375,6.6,11406281.6132375,6.6,2333683.86946259,1.5556349186104,2,2,1650163.68924266,1.1
"Bezitramide [INN:BAN:DCF]_22.676","centrin",4170657.41009954,7.6,4272606.23677308,7.6,342381.796213493,0,3,3,197674.222209488,0
"Bezitramide [INN:BAN:DCF]_22.676","digesterB",21637605.4112519,8.6,21637605.4112519,8.6,2417138.13502333,0,2,2,1709174.7663396,0
"Bezitramide [INN:BAN:DCF]_22.676","digesterC",7556475.95532873,8.2,7556475.95532873,8.2,199490.573769141,0.424264068711928,2,2,141061.137494955,0.3
"Bezitramide [INN:BAN:DCF]_22.676","digesterD",5423721.42089456,7.75,5423721.42089456,7.75,811077.441944925,0.212132034355965,2,2,573518.359266695,0.15
"Bezitramide [INN:BAN:DCF]_22.676","newdry",5439365.1575401,8,5538444.63662865,7.9,383641.200830912,0.173205080756887,3,3,221495.350571958,0.0999999999999997
"Bezitramide [INN:BAN:DCF]_22.676","olddry",7566034.63231647,8.1,7265385.10797163,7.9,735773.140554232,0.346410161513775,3,3,424798.820761482,0.2
"Boldenone undecylenate_22.506","digesterA",11829967.5844886,7.75,11829967.5844886,7.75,126180.769590953,0.777817459305203,2,2,89223.2778331004,0.55
"Boldenone undecylenate_22.506","digesterB",12568803.230108,6.1,12568803.230108,6.1,1174790.59565658,0,2,2,830702.396662951,0
"Boldenone undecylenate_23.723","olddry",15851225.3932393,8.15,15851225.3932393,8.15,3465173.9417126,0.636396103067892,2,2,2450247.9921759,0.45
"Boldenone undecylenate_23.842","olddry",12131917.6236036,6.23333333333333,12714376.9131831,5.5,1141610.63727427,1.27017059221718,3,3,659109.208740037,0.733333333333333
"Butorphanol_17.314","digesterC",6971412.61294251,7.4,6971412.61294251,7.4,718373.841647205,0,2,2,507967.01485577,0
"CB-25_23.911","feedpump",15485816.1822014,7.26666666666667,18584679.4330459,7,6689754.96587371,0.642910050732864,3,3,3862331.83035982,0.371184290855335
"CB-25_23.911","newdry",5043013.56707369,6.65,5043013.56707369,6.65,1753968.81130346,0.212132034355964,2,2,1240243.24046238,0.15
"Cannabidiolic acid_16.797","centrin",14757395.7693183,6.25,14757395.7693183,6.25,6787089.99520875,1.06066017177982,2,2,4799197.36013548,0.75
"Cannabidiolic acid_16.797","newdry",41740998.5282809,7.8,44567810.7372927,7.8,6326688.5702403,1.1,3,3,3652715.34910717,0.635085296108588
"Cannabidiolic acid_17.677","newdry",12254189.4792069,6.63333333333333,13489125.3802643,7.2,3522364.21810555,1.25033328890074,3,3,2033637.92950714,0.721880260923591
"Cannabigerol_17.407","digesterD",2853329.46347681,7.1,2853329.46347681,7.1,1142650.75755857,1.5556349186104,2,2,807976.09919761,1.1
"Cannabigerol_17.749","newdry",18534415.1596768,8.2,18079801.9323282,8,1191778.37597096,0.818535277187245,3,3,688073.566181209,0.472581562625261
"Cannabigerol_18.531","digesterC",61169965.4691812,7.85,61169965.4691812,7.85,16125439.0100649,2.33345237791561,2,2,11402407.273627,1.65
"Cannabigerol_18.531","digesterD",35080931.1508164,9.3,35080931.1508164,9.3,13618268.4470023,0.989949493661167,2,2,9629569.96689415,0.7
"Cannabigerol_19.199","centrin",35950392.1292371,7.7,35950392.1292371,7.7,11413998.8229922,0.989949493661167,2,2,8070915.96819305,0.7
"Cannabigerol_20.476","digesterD",5919597.40616016,6.3,5919597.40616016,6.3,317696.352410096,0,2,2,224645.24514741,0
"Cannabigerol_20.476","newdry",8419573.65777769,7,8419573.65777769,7,3369769.48444026,1.27279220613579,2,2,2382786.8534832,0.9
"Cannabigerol_23.624","olddry",8425396.14570498,7.55,8425396.14570498,7.55,3094529.67235093,1.06066017177982,2,2,2188162.91590232,0.75
"Cannabigerolic acid_17.49","digesterD",20201521.7340032,7.6,20201521.7340032,7.6,12962562.9855073,2.12132034355964,2,2,9165916.18860995,1.5
"Cannabigerolic acid_17.754","newdry",5741878.44407498,6.95,5741878.44407498,6.95,1756200.19057983,0.636396103067893,2,2,1241821.06388011,0.45
"Cannabigerolic acid_18.037","centrin",42736886.6292152,7.65,42736886.6292152,7.65,34469787.6063142,1.76776695296637,2,2,24373820.5624848,1.25
"Cannabigerolic acid_18.273","newdry",36526206.9400344,7.53333333333333,34293689.0999981,8,7068074.35362072,1.65025250593154,3,3,4080754.63071522,0.95277372853043
"Cannabigerolic acid_18.405","newdry",23071280.6619382,5.96666666666667,27098483.0522645,5.9,8435732.93307358,0.115470053837925,3,3,4870372.67972182,0.0666666666666664
"Cannabinol monomethyl ether_18.752","newdry",47450631.5270107,9.43333333333333,38533138.2610729,9.5,42703133.7215877,0.60277137733417,3,3,24654665.7493992,0.348010216963685
"Cannabinol monomethyl ether_18.752","olddry",4163294.16731146,8.85,4163294.16731146,8.85,3211523.02599809,0.212132034355965,2,2,2270889.70961999,0.15
"Cannabinol monomethyl ether_22.249","digesterA",9252931.27072608,5.8,9252931.27072608,5.8,281768.136260593,0.424264068711928,2,2,199240.15987216,0.3
"Carisoprodol_19.087","centrin",10608305.481586,7.73333333333333,10419813.7141937,7.5,5586059.67096831,0.493288286231625,3,3,3225113.05474287,0.284800124843918
"Carisoprodol_19.087","digesterA",5478911.35206908,7.2,5478911.35206908,7.2,1136593.41219175,0.989949493661167,2,2,803692.909212745,0.7
"Carisoprodol_19.087","digesterB",2674193.40669472,7.65,2674193.40669472,7.65,1634534.83524611,0.777817459305202,2,2,1155790.66608816,0.55
"Carisoprodol_19.087","feedpump",3575300.40507964,6.55,3575300.40507964,6.55,166195.290284901,0.777817459305202,2,2,117517.81676172,0.55
"Carisoprodol_19.087","olddry",7475524.07780317,6.66666666666667,2902229.47132615,7.1,8744604.12675838,1.11504857891185,3,3,5048699.54654067,0.643773597194265
"Codeine_10.549","olddry",23821056.3145585,6.9,19641120.799559,7,9876775.33719196,0.458257569495584,3,3,5702358.89965323,0.264575131106459
"Codeine_16.482","centrin",11020961.6187191,7.16666666666667,10761502.5410764,7.7,2178335.87292534,0.923760430703402,3,3,1257662.80261886,0.533333333333334
"Codeine_16.482","digesterC",14477587.2482353,7.85,14477587.2482353,7.85,938709.390393734,0.212132034355964,2,2,663767.7755109,0.15
"Codeine_16.482","digesterD",15964344.0312869,6.95,15964344.0312869,6.95,203921.187959459,1.48492424049175,2,2,144194.05483375,1.05
"Codeine_16.482","feedpump",27458514.0180954,7.5,27095657.1385919,7.5,3434516.91122301,1.1,3,3,1982919.26323093,0.635085296108588
"Codeine_16.482","newdry",17707949.7453854,7.66666666666667,17627842.1859838,8,1165091.93936297,0.577350269189626,3,3,672666.144821874,0.333333333333333
"Codeine_16.482","olddry",8688724.17860517,6.73333333333333,8418882.65020283,6.8,1208491.76647537,1.20138808606267,3,3,697723.046688003,0.693621734889494
"Codeine_17.52","digesterC",590175.20117374,7.1,590175.20117374,7.1,41572.3364228793,0,2,2,29396.0809943865,0
"Codeine_17.52","digesterD",568982.067088546,7.35,568982.067088546,7.35,70636.9642882287,0.353553390593274,2,2,49947.8764506385,0.25
"Codeine_17.52","newdry",5107213.2117648,7.75,5107213.2117648,7.75,988490.28155512,0.212132034355965,2,2,698968.181224625,0.15
"Codeine_18.092","feedpump",10098901.8519316,8.33333333333333,9976322.69423361,8.3,1711178.47406892,0.45092497528229,3,3,987949.352635186,0.260341655863555
"DM 235_11.121","olddry",34689653.4601818,6,34689653.4601818,6,9061418.82624849,0.989949493661167,2,2,6407390.69921175,0.7
"Delta 9 Tetrahydrocannabinol (THC)_17.617","centrin",6481887.85837138,9,6481887.85837138,9,1913457.11230576,0,2,2,1353018.49962103,0
"Delta 9 Tetrahydrocannabinol (THC)_17.617","digesterD",8945770.50895754,7.4,8945770.50895754,7.4,8199599.28922452,1.97989898732233,2,2,5797992.26042305,1.4
"Delta 9 Tetrahydrocannabinol (THC)_18.272","newdry",19059990.2085025,6.15,19059990.2085025,6.15,3969667.68604079,1.20208152801713,2,2,2806978.93985655,0.85
"Delta 9 Tetrahydrocannabinol (THC)_19.079","newdry",43623192.5693583,9.3,38542582.9701437,9.5,10436269.6771564,0.346410161513775,3,3,6025383.10744177,0.2
"Delta 9 Tetrahydrocannabinol (THC)_21.116","olddry",3528062.84325152,6.5,3528062.84325152,6.5,368898.026757345,0,2,2,260850.296286455,0
"Delta 9 Tetrahydrocannabinol (THC)_22.115","centrin",6015772.35087762,5.8,6015772.35087762,5.8,893716.827777627,0,2,2,631953.22938209,0
"Delta 9 Tetrahydrocannabinol (THC)_22.115","digesterA",8955626.95866107,6.6,8955626.95866107,6.6,309628.023103061,0,2,2,218940.074781559,0
"Delta 9 Tetrahydrocannabinol (THC)_22.115","digesterB",9142525.06346939,6.45,9142525.06346939,6.45,1090343.1136407,0.212132034355964,2,2,770989.00947539,0.15
"Delta 9 Tetrahydrocannabinol (THC)_22.115","newdry",8616865.01998996,6.16666666666667,8549270.09927213,6.1,757456.20933382,0.115470053837925,3,3,437317.546358235,0.0666666666666667
"Delta 9 Tetrahydrocannabinol (THC)_22.653","centrin",6734113.71792964,7.03333333333333,6558471.22175056,7.4,1335470.11721176,1.09696551146029,3,3,771034.031666911,0.633333333333334
"Delta 9 Tetrahydrocannabinol (THC)_22.653","digesterB",12402175.8222842,6.05,12402175.8222842,6.05,2450208.02836456,0.777817459305202,2,2,1732558.7121743,0.55
"Delta 9 Tetrahydrocannabinol (THC)_22.653","digesterC",8251061.10939763,6.2,8251061.10939763,6.2,1760107.85162804,0.14142135623731,2,2,1244584.19750587,0.1
"Delta 9 Tetrahydrocannabinol (THC)_22.653","digesterD",7576138.69198598,6.85,7576138.69198598,6.85,693000.043646771,0.777817459305203,2,2,490025.030225205,0.55
"Delta 9 Tetrahydrocannabinol (THC)_22.653","newdry",8180544.04235891,7.13333333333333,8048504.13392898,7.4,690618.268266974,0.7371114795832,3,3,398728.643091211,0.425571511160124
"Delta 9 Tetrahydrocannabinol (THC)_22.653","olddry",6007797.35064738,6.5,6203428.37233583,6.3,809719.727765243,0.818535277187245,3,3,467491.902793414,0.472581562625261
"Delta 9 Tetrahydrocannabinol (THC)_22.745","centrin",3669718.09498536,7.1,3669718.09498536,7.1,96523.4001177026,1.5556349186104,2,2,68252.3507664099,1.1
"Delta 9 Tetrahydrocannabinol (THC)_22.745","digesterD",3467399.19174054,7.1,3467399.19174054,7.1,115273.643864895,0,2,2,81510.77526895,0
"Delta 9 Tetrahydrocannabinol (THC)_22.745","feedpump",8325249.58337319,6.6,8325249.58337319,6.6,7025058.2867666,0.707106781186548,2,2,4967466.35280341,0.5
"Desoxymethyltestosterone_23.13","centrin",4014622.19868844,5.95,4014622.19868844,5.95,864260.467267007,0.777817459305202,2,2,611124.437115955,0.55
"Desoxymethyltestosterone_23.229","centrin",8582045.58013774,7.23333333333333,8804641.2017782,7.7,1633282.60463509,0.808290376865476,3,3,942976.151448802,0.466666666666667
"Desoxymethyltestosterone_23.229","digesterA",7104218.742276,6.85,7104218.742276,6.85,662718.694827022,1.48492424049175,2,2,468612.883131285,1.05
"Desoxymethyltestosterone_23.229","newdry",7127711.47639011,5.2,7127711.47639011,5.2,1267218.04364197,0,2,2,896058.471901185,0
"Desoxymethyltestosterone_23.229","olddry",6712079.79154535,7.1,6712079.79154535,7.1,130935.402342351,0.424264068711929,2,2,92585.3108936651,0.3
"Dextromethorphan_17.385","digesterA",16271568.0255194,7.85,16271568.0255194,7.85,4801583.14337114,0.212132034355964,2,2,3395232.00110875,0.15
"Dextromethorphan_18.294","digesterA",17352071.255145,7.2,17352071.255145,7.2,3464382.92063823,1.13137084989848,2,2,2449688.65581015,0.8
"Diethylpropion_15.218","olddry",74608781.364046,7.1,71126097.4058283,7.3,10677577.4913252,0.346410161513775,3,3,6164702.2389097,0.2
"Dihydrocodeine_16.528","feedpump",5984127.25771366,7.65,5984127.25771366,7.65,182988.794865367,0.353553390593274,2,2,129392.617730455,0.25
"Dihydrocodeine_16.528","newdry",4390557.65115715,7.43333333333333,4459594.56048996,7.6,225873.958015532,0.288675134594813,3,3,130408.390463194,0.166666666666667
"Dimenoxadol_16.915","centrin",5531983.78022522,7.5,5531983.78022522,7.5,1324276.78040236,0.989949493661166,2,2,936405.091590395,0.7
"Dimenoxadol_16.915","digesterA",5284566.72438286,6.95,5284566.72438286,6.95,499777.279021197,0.919238815542512,2,2,353395.90307885,0.65
"Dimenoxadol_16.915","digesterB",4291836.29754009,7.35,4291836.29754009,7.35,810990.122775978,0.353553390593274,2,2,573456.615290205,0.25
"Dimenoxadol_16.915","digesterC",4841167.59044256,7.25,4841167.59044256,7.25,1259404.03456936,0.212132034355965,2,2,890533.133097695,0.15
"Dimenoxadol_16.915","newdry",6214852.42085825,7.4,6214852.42085825,7.4,370062.938190329,0,2,2,261674.0130602,0
"Dipropyltryptamine_21.362","centrin",4179451.66659721,7.53333333333333,3775729.69054779,7.6,855590.757186859,0.404145188432738,3,3,493975.553977989,0.233333333333334
"Dipropyltryptamine_21.362","digesterD",5357162.959876,8.35,5357162.959876,8.35,1125906.59198531,0.212132034355965,2,2,796136.186175445,0.15
"Dipropyltryptamine_21.362","newdry",10683051.8571224,7.63333333333333,12191315.1975026,7.4,4289467.83957642,0.585946527708232,3,3,2476525.41185969,0.338296385503074
"Dipropyltryptamine_22.007","centrin",33434360.3239664,8.96666666666667,33097824.995694,8.9,1832428.73859565,0.115470053837925,3,3,1057953.225499,0.0666666666666664
"Dipropyltryptamine_22.007","digesterB",11166074.5765241,8.55,11166074.5765241,8.55,1453588.28476825,0.353553390593274,2,2,1027842.13321295,0.25
"Dipropyltryptamine_22.007","digesterC",41055697.9029294,8.9,41055697.9029294,8.9,144173.804300156,0,2,2,101946.274690103,0
"Dipropyltryptamine_22.007","digesterD",54890633.3463441,8.95,54890633.3463441,8.95,19559191.7164274,0.777817459305202,2,2,13830437.0972136,0.55
"Dipropyltryptamine_22.007","feedpump",28598695.3967599,8.33333333333333,28329021.4414147,8.4,4740258.16019723,0.305505046330389,3,3,2736789.32481819,0.176383420737639
"Dipropyltryptamine_22.007","newdry",67271946.4245952,8.93333333333333,45239597.4362179,9.5,42305255.2259259,0.981495457622364,3,3,24424950.4928241,0.566666666666667
"Dipropyltryptamine_22.007","olddry",34193400.2412199,9.2,34463295.1439132,9.5,1728196.68034375,0.519615242270663,3,3,997774.818609084,0.3
"Dromostanolone proprionate_21.294","centrin",10694184.4929499,5.53333333333333,9931790.35274589,5.5,4351852.33680081,0.251661147842358,3,3,2512543.11812545,0.145296631451356
"Dromostanolone proprionate_23.131","centrin",63994474.0648896,8.1,63994474.0648896,8.1,25207408.5095237,0.424264068711929,2,2,17824329.4932237,0.3
"Dromostanolone proprionate_23.131","digesterC",58057683.6192463,7.85,58057683.6192463,7.85,19918963.8118901,0.777817459305203,2,2,14084834.3855969,0.55
"Dromostanolone proprionate_23.131","digesterD",54078185.2142434,8.65,54078185.2142434,8.65,4446793.73231461,0.353553390593274,2,2,3144358.0026575,0.25
"Dromostanolone proprionate_23.131","newdry",75455070.9164549,6.9,79713586.6038956,6.7,13347975.805118,0.818535277187245,3,3,7706457.42422151,0.472581562625261
"Dromostanolone proprionate_23.131","olddry",9582911.57112978,6.6,9582911.57112978,6.6,27190.6079500426,1.5556349186104,2,2,19226.6632660599,1.1
"Dromostanolone_23.449","feedpump",11774081.2861253,7.16666666666667,12314682.8034314,7.4,3507598.57100154,0.680685928555405,3,3,2025112.97917689,0.392994204085053
"Dromostanolone_23.546","centrin",15337205.04523,6.46666666666667,16041170.9715864,6.4,1767542.82309827,0.115470053837925,3,3,1020491.32471998,0.0666666666666664
"Dromostanolone_23.546","digesterB",8661920.21839952,7,8661920.21839952,7,2399894.34059167,0.282842712474619,2,2,1696981.56236359,0.2
"Dromostanolone_23.546","digesterC",25402890.8837631,5.9,25402890.8837631,5.9,7941522.16050871,0,2,2,5615504.17263895,0
"Dromostanolone_23.546","digesterD",22687339.9408113,6.4,22687339.9408113,6.4,342162.048240873,0,2,2,241945.1045758,0
"Dromostanolone_23.546","feedpump",45963782.9632428,7.63333333333333,49410029.8821444,7.8,7776025.21020181,0.862167810425171,3,3,4489490.24833533,0.497772817435603
"Dromostanolone_23.546","newdry",20363113.4626434,7.13333333333333,19289465.7644061,6.4,2188213.212501,1.27017059221718,3,3,1263365.48728175,0.733333333333333
"Dromostanolone_23.546","olddry",21839152.4660662,6.23333333333333,22007184.3733182,6.4,1747186.32412842,0.288675134594813,3,3,1008738.49455998,0.166666666666667
"Hydromorphone_17.729","digesterD",2213863.43614967,8.2,2213863.43614967,8.2,160012.419488755,0,2,2,113145.866894565,0
"Hydromorphone_18.342","digesterA",5235350.3219515,7.4,5235350.3219515,7.4,39914.7398627323,0,2,2,28223.983226235,0
"Hydromorphone_18.342","feedpump",10208798.4417991,6.65,10208798.4417991,6.65,2037414.18008435,0.777817459305203,2,2,1440669.38282328,0.55
"Hydromorphone_18.342","newdry",12298635.8844032,7.43333333333333,6457921.96725872,7.4,10549107.1801753,1.15036226178249,3,3,6090529.87018444,0.664161961505709
"Hydromorphone_18.342","olddry",7276405.43590691,7.4,7276405.43590691,7.4,71312.1114755819,0,2,2,50425.277605115,0
"Indan_17.841","digesterC",8041901.19095705,7.15,8041901.19095705,7.15,7582246.2101644,1.48492424049175,2,2,5361457.71183325,1.05
"Indan_17.841","digesterD",7952524.73888912,7.4,7952524.73888912,7.4,7524218.64457591,1.83847763108502,2,2,5320426.02670988,1.3
"Indan_18.705","centrin",17578388.3494957,8.3,17578388.3494957,8.3,845603.344525776,0.424264068711928,2,2,597931.8591082,0.3
"Indan_18.705","digesterA",16597562.3372533,7,16597562.3372533,7,1871698.69433078,0,2,2,1323490.8390993,0
"Indan_18.705","digesterB",12961864.3917002,6.35,12961864.3917002,6.35,1800284.61760298,0.353553390593274,2,2,1272993.4611729,0.25
"Indan_18.705","olddry",2976436.00393117,8.7,2976436.00393117,8.7,170902.111004637,0,2,2,120846.041610475,0
"Indan_19.324","feedpump",2604495.94757548,7.6,2604495.94757548,7.6,969988.999062117,0,2,2,685885.798913175,0
"JWH 200 analog 1_17.372","feedpump",19936316.8638726,8.05,19936316.8638726,8.05,2931615.78803367,0.777817459305202,2,2,2072965.40355215,0.55
"JWH 200 analog 1_17.744","centrin",9380296.85159856,6.86666666666667,10367661.9458281,6.8,3498917.39050456,0.30550504633039,3,3,2020100.89728007,0.17638342073764
"JWH 200 analog 1_18.087","digesterA",7140525.89249904,7.3,7140525.89249904,7.3,2580538.7958077,0.14142135623731,2,2,1824716.48163059,0.1
"JWH 200 analog 1_18.087","digesterB",7184767.44195315,7.55,7184767.44195315,7.55,2805080.40835784,0.212132034355964,2,2,1983491.37852336,0.15
"JWH 200_17.549","centrin",2037813.53793834,7.35,2037813.53793834,7.35,2280781.25564668,0.353553390593274,2,2,1612755.89227094,0.25
"JWH 200_17.549","newdry",63201531.6871667,8.36666666666667,66417310.1262834,8.4,8087023.56746768,0.55075705472861,3,3,4669045.23362031,0.317979733805649
"JWH-133_19.028","newdry",36323700.3179318,7.25,36323700.3179318,7.25,4090631.09311159,0.777817459305202,2,2,2892512.98527175,0.55
"JWH-133_20.454","centrin",55466744.2009311,5.1,52953753.6235757,5.1,4494851.64730753,0,3,3,2595103.80854044,0
"JWH-133_20.454","newdry",62078697.4035916,6.75,62078697.4035916,6.75,1699216.01857396,0.777817459305202,2,2,1201527.16943445,0.55
"JWH-133_20.646","centrin",9565748.3958686,7.7,9565748.3958686,7.7,442844.041324925,0,2,2,313138.02462891,0
"JWH-133_21.701","centrin",15053084.7396757,7.1,15053084.7396757,7.1,1998154.82583719,0.14142135623731,2,2,1412908.8272101,0.1
"JWH-133_21.701","digesterD",22515041.4599399,7,22515041.4599399,7,1663939.09659529,0,2,2,1176582.61868395,0
"JWH-133_21.701","newdry",12394764.5850557,6.1,11666135.606228,6.1,1361225.99357996,0,3,3,785904.193821308,0
"JWH-198_18.755","centrin",10263354.7119864,7.85,10263354.7119864,7.85,2501296.30587239,0.919238815542512,2,2,1768683.57963923,0.65
"JWH-198_18.755","olddry",5524638.81357672,7.1,5524638.81357672,7.1,463384.429381539,0.424264068711929,2,2,327662.272311945,0.3
"JWH-198_19.61","digesterA",7924536.86792625,8.6,7924536.86792625,8.6,2429516.31357851,0.989949493661167,2,2,1717927.46033471,0.7
"JWH-198_19.61","digesterB",7632242.99885361,7.4,7632242.99885361,7.4,3759315.60274444,0.424264068711929,2,2,2658237.55532099,0.3
"Levophenacylmorphan_22.315","centrin",51233543.6236115,7.46666666666667,42549626.2480834,7.3,18793910.3376468,0.288675134594813,3,3,10850669.1925661,0.166666666666667
"Levophenacylmorphan_22.315","digesterA",74556573.4755056,8.95,74556573.4755056,8.95,3484642.52895348,0.777817459305202,2,2,2464014.36223405,0.55
"Levophenacylmorphan_22.315","digesterB",52000245.8171846,8.1,52000245.8171846,8.1,3008625.6942572,0.424264068711929,2,2,2127419.63046135,0.3
"Levophenacylmorphan_22.315","digesterC",45838500.3180398,7.55,45838500.3180398,7.55,13218314.7348202,0.353553390593274,2,2,9346759.98484945,0.25
"Levophenacylmorphan_22.315","digesterD",32313992.5241758,7.75,32313992.5241758,7.75,111604.334604281,0.353553390593274,2,2,78916.1818084996,0.25
"Levophenacylmorphan_22.315","feedpump",13634504.3519349,7.26666666666667,14656507.0996443,6.6,2137512.66323066,1.15470053837925,3,3,1234093.51151246,0.666666666666667
"Levophenacylmorphan_22.315","newdry",68434306.0080191,7.46666666666667,62889295.4904398,7.3,14135099.8177558,0.288675134594813,3,3,8160903.68480357,0.166666666666667
"Levophenacylmorphan_22.315","olddry",83194853.7682637,8.76666666666667,83543635.463946,8.4,19889731.4558737,0.635085296108588,3,3,11483341.810158,0.366666666666667
"MDMA_17.537","centrin",1900404.28310686,7.9,1900404.28310686,7.9,1912617.72556919,1.13137084989848,2,2,1352424.96356756,0.8
"MDMA_17.537","digesterA",4127952.0621868,7.35,4127952.0621868,7.35,1182965.23484008,0.353553390593274,2,2,836482.73946336,0.25
"MDMA_17.96","feedpump",12058528.4093494,7.9,13124633.3233161,7.7,2730879.78275575,0.346410161513776,3,3,1576674.17769854,0.2
"Mephobarbital_16.788","digesterA",4641357.48767226,7.5,4641357.48767226,7.5,635366.462673915,0.141421356237309,2,2,449271.934295235,0.0999999999999996
"Methadone_15.434","olddry",9612659.67729748,6.23333333333333,9519275.83801016,5.5,834424.370389336,1.27017059221718,3,3,481755.134862667,0.733333333333333
"Methadone_18.193","digesterC",14175180.8887384,7.3,14175180.8887384,7.3,1871788.39108223,2.82842712474619,2,2,1323554.2642805,2
"Methadone_19.432","digesterB",8408327.86006681,7.8,8408327.86006681,7.8,541332.085717872,0.14142135623731,2,2,382779.588684964,0.1
"Methandrostenolone_21.944","digesterA",19312551.4228249,6.45,19312551.4228249,6.45,1855515.62000274,0.777817459305202,2,2,1312047.6775015,0.55
"Methasterone_22.933","feedpump",16451415.902846,6.7,16261640.483804,7,2579640.20132191,0.519615242270663,3,3,1489355.96464559,0.3
"Methenolone enanthate_22.911","centrin",23067439.7672256,6.4,23709320.324717,6.4,2052788.81694065,0,3,3,1185178.17605014,0
"Methenolone enanthate_22.911","digesterA",16095076.8946059,5.6,16095076.8946059,5.6,106073.872489652,0.424264068711929,2,2,75005.5545441499,0.3
"Methenolone enanthate_22.911","digesterD",24751438.8287729,5.9,24751438.8287729,5.9,4897282.74583867,0,2,2,3462901.8389704,0
"Methenolone enanthate_22.911","newdry",29242905.8141544,7.26666666666667,30213360.9379517,7.5,5348926.69333462,1.46401275039985,3,3,3088204.26627232,0.845248155540398
"Methenolone enanthate_22.911","olddry",17357370.1387605,7,17238081.6581469,6.4,4423270.58440048,1.87349939951952,3,3,2553776.46260217,1.0816653826392
"Methenolone enanthate_23.589","centrin",13364773.1486291,5.83333333333333,13572391.9910558,5.9,2814525.42636436,0.305505046330389,3,3,1624967.01255251,0.176383420737639
"Methenolone enanthate_23.589","feedpump",4263699.44487724,7.26666666666667,4164485.57716187,7.6,587435.626877432,1.13724814061547,3,3,339156.117309262,0.65659052011974
"Methenolone enanthate_23.589","newdry",77272982.2233209,7.3,78131039.6433132,7.3,10172712.0203996,0,3,3,5873218.02336627,0
"Methenolone enanthate_23.589","olddry",43636798.5741286,7.63333333333333,44302905.4474503,7.3,6041217.66284715,1.13724814061547,3,3,3487898.64387792,0.65659052011974
"Methenolone enanthate_24.886","centrin",28371222.0120611,7.1,26556566.230977,7,4895703.68363693,0.173205080756888,3,3,2826535.83962042,0.0999999999999999
"Methenolone enanthate_24.886","digesterA",26100567.7231264,7,26100567.7231264,7,6102561.77812787,0,2,2,4315162.81592405,0
"Methenolone enanthate_24.886","newdry",35500409.354975,7.15,35500409.354975,7.15,8694938.36846218,0.212132034355964,2,2,6148249.8823387,0.15
"Methenolone enanthate_24.886","olddry",21891188.831526,7,21891188.831526,7,3997553.69989786,0,2,2,2826697.32935515,0
"Methylphenidate_15.217","olddry",10085116.8462142,7.2,9940112.87784818,7.2,1630444.437435,0,3,3,941337.534851822,0
"Nabilone_18.88","digesterD",6617269.30717243,6.3,6617269.30717243,6.3,511489.804010489,1.5556349186104,2,2,361677.908923595,1.1
"Nabilone_18.88","newdry",9231253.31139488,7.13333333333333,7851276.38526152,7.4,5885764.99044721,0.55075705472861,3,3,3398148.00162157,0.317979733805649
"Nabilone_19.167","digesterD",48505840.1754359,7,48505840.1754359,7,8252146.77563824,0.424264068711928,2,2,5835148.9444005,0.3
"Nabilone_19.364","centrin",15020162.0640254,6.6,15020162.0640254,6.6,12687227.5136752,0.282842712474619,2,2,8971224.60937626,0.2
"Nabilone_19.559","centrin",9843451.7929008,7.85,9843451.7929008,7.85,2595601.07502122,0.636396103067893,2,2,1835367.12140259,0.45
"Nabilone_20.119","feedpump",5940191.77072223,6.15,5940191.77072223,6.15,3492079.59979322,0.494974746830583,2,2,2469273.16545699,0.35
"Nabilone_20.294","centrin",16765928.7553029,8.3,18004935.3722864,8.6,2963777.55279695,0.519615242270663,3,3,1711137.76792549,0.3
"Nabilone_20.294","feedpump",14943346.7849916,7.95,14943346.7849916,7.95,11636117.181085,1.62634559672906,2,2,8227977.36542653,1.15
"Nabilone_20.447","feedpump",14188794.3126258,6.7,13940325.2653981,6.6,3604913.89789228,1.25299640861417,3,3,2081298.00935353,0.723417813807024
"Nabilone_20.907","digesterD",8864748.99474023,6.2,8864748.99474023,6.2,2315477.66659309,1.4142135623731,2,2,1637289.95973397,1
"Nabilone_20.907","newdry",9792717.33553024,6.5,9704034.54438333,6.6,1639614.63553407,0.953939201416946,3,3,946631.951192844,0.55075705472861
"Nabilone_21.27","feedpump",27551997.4705946,8.4,27587167.0595409,8.6,14673587.1320982,1.01488915650922,3,3,8471799.48069435,0.585946527708232
"Nabilone_21.736","digesterA",7632484.32699258,7.4,7632484.32699258,7.4,741208.179007315,2.26274169979695,2,2,524113.329647005,1.6
"Nabilone_21.736","digesterB",11216597.3739497,6.35,11216597.3739497,6.35,5282149.18025024,1.48492424049175,2,2,3735043.50459391,1.05
"Nabilone_21.736","digesterD",61246733.2742913,8.65,61246733.2742913,8.65,5806713.75400114,0.353553390593274,2,2,4105966.6718634,0.25
"Nabilone_21.736","newdry",234445957.337728,9.2,234445957.337728,9.2,25016615.9746645,0.424264068711928,2,2,17689418.798025,0.3
"Nabilone_21.823","centrin",48436774.3649973,8.9,45665130.6829482,8.9,5388124.21099245,0,3,3,3110834.96364363,0
"Nabilone_21.823","digesterC",59447893.8033148,8.35,59447893.8033148,8.35,9976010.0667655,0.777817459305203,2,2,7054104.36739515,0.55
"Nabilone_21.823","feedpump",50013838.5454342,8.36666666666667,48954628.8979117,8.9,3761236.0313054,0.923760430703402,3,3,2171550.63515989,0.533333333333334
"Nabilone_21.823","olddry",70236656.0269003,8.4,70236656.0269003,8.4,19322839.5529895,0,2,2,13663310.8796985,0
"Nabilone_22.112","newdry",12854432.3494996,5.95,12854432.3494996,5.95,3682286.88770456,0.919238815542512,2,2,2603770.0285702,0.65
"Nabilone_22.112","olddry",8746222.73134485,7.56666666666667,8847040.34356455,6.8,1382265.54547223,1.50443787951957,3,3,798051.384769939,0.868587614719693
"Nalorphine_20.074","feedpump",8626276.12514454,7.1,8626276.12514454,7.1,6819569.41291628,0.848528137423857,2,2,4822163.77664546,0.6
"Nalorphine_20.193","feedpump",6205248.70405781,7.2,5967736.11348934,7.4,466760.822581177,0.818535277187245,3,3,269484.486564414,0.472581562625261
"Nandrolone decanoate_23.534","feedpump",5334884.91923555,6.95,5334884.91923555,6.95,517896.153031204,1.34350288425444,2,2,366207.88175879,0.95
"Nandrolone_17.554","newdry",18390026.105352,6.43333333333333,19424099.1811357,6.4,1853749.98829476,0.55075705472861,3,3,1070263.05475225,0.317979733805648
"Nandrolone_18.374","newdry",1290132.17932488,7.05,1290132.17932488,7.05,195873.386395499,0.777817459305202,2,2,138503.39977423,0.55
"Noopept_13.875","digesterA",8871544.20285313,7.55,8871544.20285313,7.55,2340252.95438625,0.212132034355964,2,2,1654808.73373837,0.15
"Noopept_13.875","digesterB",8241586.38016869,7.1,8241586.38016869,7.1,186542.16674794,0.424264068711929,2,2,131905.2310847,0.3
"Noopept_13.875","digesterC",12878642.1893805,6.6,12878642.1893805,6.6,360258.290059794,0,2,2,254741.079879951,0
"Noopept_13.875","digesterD",12488621.6694488,7.35,12488621.6694488,7.35,3418591.6309757,0.212132034355964,2,2,2417309.3243705,0.15
"Noopept_13.875","feedpump",14212909.836506,7.46666666666667,14257560.9847499,7.5,980866.656285994,0.251661147842358,3,3,566303.628045847,0.145296631451356
"Noopept_13.875","newdry",8230888.59138809,6.45,8230888.59138809,6.45,1383816.05023613,0.212132034355964,2,2,978505.71303675,0.15
"Noopept_14.289","centrin",10103115.5257258,6.43333333333333,10361532.7859412,6.1,520003.922477528,1.13724814061547,3,3,300224.404622062,0.65659052011974
"Noopept_14.289","feedpump",13572929.9393149,7.16666666666667,13527037.2816347,7.2,488105.116270571,0.55075705472861,3,3,281807.620271648,0.317979733805649
"Noopept_14.289","newdry",10458678.8131382,6.13333333333333,10893895.1463084,6.1,2275442.16198838,0.650640709864771,3,3,1313727.14474941,0.375647588986155
"Oxabolone_19.226","digesterC",35363475.0538997,6.6,35363475.0538997,6.6,5846111.43531945,1.27279220613579,2,2,4133825.0394866,0.9
"Oxabolone_19.226","digesterD",49025192.1706235,6.45,49025192.1706235,6.45,18615319.8184107,0.353553390593274,2,2,13163018.8775546,0.25
"Oxabolone_19.226","newdry",28431272.2228329,6.8,25641085.7847352,7,15400245.7673004,0.62449979983984,3,3,8891336.0393373,0.360555127546399
"Oxabolone_19.593","centrin",35811045.9975135,7.15,35811045.9975135,7.15,7245604.78217193,0.212132034355964,2,2,5123416.27527145,0.15
"Oxabolone_20.116","feedpump",10452916.2435479,9.3,10452916.2435479,9.3,534312.994678417,0,2,2,377816.3418132,0
"Oxabolone_21.373","feedpump",2830312.38757148,7.9,2830312.38757148,7.9,286311.465038686,0.424264068711928,2,2,202452.77846031,0.3
"Oxabolone_21.504","centrin",12580838.6834058,7.73333333333333,13055097.4251248,8.3,988061.288497124,1.43643076176102,3,3,570457.450889663,0.829323686974982
"Oxabolone_21.504","digesterB",7338642.00070163,5.75,7338642.00070163,5.75,745220.236605836,0.777817459305202,2,2,526950.28278143,0.55
"Oxabolone_21.504","digesterC",7139598.09546622,6.85,7139598.09546622,6.85,774599.74515308,1.48492424049175,2,2,547724.732503115,1.05
"Oxabolone_21.504","feedpump",15668764.9474161,7.96666666666667,15591590.0704131,8.3,4052457.78760765,0.850490054811538,3,3,2339687.59455487,0.491030662088541
"Oxabolone_21.504","newdry",7464773.36373685,7.9,7464773.36373685,7.9,1397094.4938826,0,2,2,987894.990582775,0
"Oxabolone_21.504","olddry",8094074.31148766,7.03333333333333,9121499.93642157,6.6,2024960.41574042,0.750555349946514,3,3,1169111.44112607,0.433333333333334
"Oxandrolone_22.184","centrin",6569998.45291819,5.6,6762749.44599972,5.8,417780.549195096,0.346410161513775,3,3,241205.712539979,0.2
"Oxandrolone_22.184","digesterC",11041316.6268742,6.1,11041316.6268742,6.1,218417.511644757,0,2,2,154444.503613899,0
"Oxandrolone_22.184","digesterD",15698942.9223435,6.55,15698942.9223435,6.55,8642784.75368878,0.636396103067893,2,2,6111371.70766904,0.45
"Oxandrolone_22.184","feedpump",33017477.5828873,8.3,30701783.8998383,8,15053400.1985807,0.7,3,3,8691084.65686976,0.404145188432738
"Oxandrolone_22.184","newdry",7137454.59376553,6.55,7137454.59376553,6.55,151127.407505293,0.353553390593274,2,2,106863.214670135,0.25
"Oxandrolone_22.184","olddry",6833192.15589733,6.3,6833192.15589733,6.3,2807434.27203324,1.13137084989848,2,2,1985155.81149022,0.8
"Sertraline_19.379","centrin",41489874.2597688,7.73333333333333,40938942.8495056,8.4,10852604.4204439,1.15470053837925,3,3,6265754.08355183,0.666666666666667
"Sertraline_19.379","digesterA",13697087.1964706,8.15,13697087.1964706,8.15,2797882.33148349,0.636396103067892,2,2,1978401.569554,0.45
"Sertraline_19.379","digesterD",31445916.3875984,6.85,31445916.3875984,6.85,4378858.31489245,1.62634559672906,2,2,3096320.40831555,1.15
"Sertraline_19.379","newdry",48567474.5490799,9.83333333333333,35187247.3488464,10,23374349.8422985,0.288675134594813,3,3,13495187.1735835,0.166666666666667
"Sertraline_19.379","olddry",55332907.2234901,7.25,55332907.2234901,7.25,10095307.3411149,0.777817459305202,2,2,7138460.2790647,0.55
"Tapentadol_18.5","digesterC",6105533826.89259,8.4,6105533826.89259,8.4,1002097754.35573,0,2,2,708590117.51675,0
"Tapentadol_18.5","digesterD",2701432162.40578,10,2701432162.40578,10,482382096.410037,0,2,2,341095651.49452,0
"Tapentadol_19.07","centrin",3949271313.26781,9.13333333333333,2304717977.65486,9.5,2866286442.18843,0.635085296108588,3,3,1654851248.97206,0.366666666666667
"Tapentadol_19.07","digesterA",1065952032.55795,8.95,1065952032.55795,8.95,78097865.3859366,0.777817459305202,2,2,55223530.2105899,0.55
"Tapentadol_19.07","digesterB",2851009187.91849,9.5,2851009187.91849,9.5,409764443.287752,0,2,2,289747216.5379,0
"Tapentadol_19.07","feedpump",142088625.362925,10,142088625.362925,10,16775785.3589089,0,2,2,11862271.5870145,0
"Tapentadol_19.07","newdry",445076807.97065,9.2,445076807.97065,9.2,302342802.169585,1.13137084989848,2,2,213788645.657056,0.8
"Tapentadol_19.07","olddry",2374855595.57773,8.93333333333333,3112065850.25397,8.4,1635154640.75293,0.923760430703401,3,3,944056972.005368,0.533333333333333
"Testosterone decanoate_21.864","centrin",6949495.81942093,7.4,6949495.81942093,7.4,56545.1036392501,0,2,2,39983.4262262098,0
"Testosterone decanoate_21.864","feedpump",17310958.7410095,6.55,17310958.7410095,6.55,4616241.58324116,0.636396103067893,2,2,3264175.72710515,0.45
"Testosterone decanoate_22.172","digesterB",12765818.2401904,6.1,12765818.2401904,6.1,2132677.50751404,0,2,2,1508030.7276472,0
"Testosterone decanoate_22.365","centrin",7246853.76817116,6.63333333333333,7580007.3379876,6.8,1066260.48579695,0.288675134594813,3,3,615605.778501129,0.166666666666667
"Testosterone decanoate_22.855","centrin",8411696.68147153,7,8411696.68147153,7,1162949.14645905,0.282842712474619,2,2,822329.2276363,0.2
"Testosterone decanoate_22.855","olddry",5597538.07911444,5.2,5597538.07911444,5.2,464965.634281022,0,2,2,328780.353018815,0
"Testosterone isobutyrate_21.493","centrin",4902102.91870133,6.36666666666667,5456808.67841848,6.5,1082555.45049938,0.513160143944688,3,3,625013.680758516,0.296273147243853
"Testosterone isobutyrate_21.493","newdry",5861903.52299721,7.65,5861903.52299721,7.65,573006.485351853,1.20208152801713,2,2,405176.771456165,0.85
"Testosterone propionate_17.406","digesterD",5561751.00411055,6.4,5561751.00411055,6.4,1962714.03493395,1.69705627484771,2,2,1387848.40363181,1.2
"Testosterone propionate_17.451","digesterC",6987908.29320497,5.2,6987908.29320497,5.2,382401.13159829,0,2,2,270398.43328656,0
"Testosterone propionate_17.491","digesterC",6737714.73080273,6.3,6737714.73080273,6.3,1448262.58604197,0.707106781186548,2,2,1024076.29552904,0.5
"Testosterone propionate_17.644","centrin",15463138.1084448,8.25,15463138.1084448,8.25,10945655.6172562,2.05060966544099,2,2,7739747.31149446,1.45
"Testosterone propionate_17.752","digesterC",20828048.1593102,7.35,20828048.1593102,7.35,15072787.7640527,0.212132034355964,2,2,10658070.4393472,0.15
"Testosterone propionate_17.752","digesterD",13914914.2496557,6.5,13914914.2496557,6.5,7151774.7862486,1.4142135623731,2,2,5057068.44887535,1
"Testosterone propionate_17.752","newdry",33759437.203274,7.53333333333333,33069212.2299872,8,1592321.06960094,1.17189305541646,3,3,919326.998170418,0.676592771006148
"Testosterone propionate_17.917","centrin",11120317.5228195,7.25,11120317.5228195,7.25,4615162.64333892,2.89913780286485,2,2,3263412.80138378,2.05
"Testosterone propionate_18.178","centrin",43285088.7161679,7.65,43285088.7161679,7.65,17339319.4451786,0.212132034355964,2,2,12260750.3608456,0.15
"Testosterone propionate_18.518","centrin",15744180.0857661,6.5,15744180.0857661,6.5,8369871.83382901,1.69705627484771,2,2,5918393.13136278,1.2
"Testosterone propionate_18.518","digesterC",314179028.697824,8.95,314179028.697824,8.95,57574690.1135093,0.777817459305202,2,2,40711453.8039765,0.55
"Testosterone propionate_18.518","digesterD",181138675.401182,10,181138675.401182,10,84026097.4615136,0,2,2,59415423.311678,0
"Testosterone propionate_18.888","digesterD",11603263.9355531,7.2,11603263.9355531,7.2,3483122.20307136,0,2,2,2462939.32949319,0
"Testosterone propionate_19.198","centrin",180218075.631112,8.9,180218075.631112,8.9,55550380.551242,0,2,2,39280050.7852765,0
"Testosterone propionate_19.322","centrin",13965077.4460594,6.8,13965077.4460594,6.8,6041533.40183938,1.27279220613579,2,2,4272009.23720566,0.9
"Testosterone propionate_19.498","digesterC",138899182.729089,8.65,138899182.729089,8.65,25575095.3592072,0.353553390593274,2,2,18084323.357988,0.25
"Testosterone propionate_19.498","newdry",46252733.6310364,8.1,46252733.6310364,8.1,3625792.06986676,1.13137084989848,2,2,2563822.1597752,0.8
"Testosterone propionate_19.601","digesterD",146193972.636602,8.1,146193972.636602,8.1,44992413.0364298,1.13137084989848,2,2,31814440.3600055,0.8
"Testosterone propionate_19.995","centrin",86878036.98747,9.2,86878036.98747,9.2,26209363.7781161,0.424264068711928,2,2,18532818.858091,0.3
"Testosterone propionate_19.995","digesterC",64395743.904218,8.95,64395743.904218,8.95,11555637.8149023,0.777817459305202,2,2,8171069.85985315,0.55
"Testosterone propionate_19.995","digesterD",50762234.2310964,7,50762234.2310964,7,5393061.27257227,0.424264068711928,2,2,3813470.1971904,0.3
"Testosterone propionate_19.995","newdry",536553779.961298,8.95,536553779.961298,8.95,310041096.921688,0.777817459305202,2,2,219232162.079841,0.55
"Testosterone propionate_19.995","olddry",17090766.6222095,7.76666666666667,18618030.8412378,8,4399625.47946222,0.680685928555405,3,3,2540124.95490105,0.392994204085053
"Testosterone propionate_20.249","centrin",92771546.608383,9.13333333333333,89371956.9819751,9.5,6512830.58604932,0.635085296108588,3,3,3760184.492042,0.366666666666667
"Testosterone propionate_20.481","newdry",13754149.8838122,6.25,13754149.8838122,6.25,3127603.19628975,1.34350288425444,2,2,2211549.4289572,0.95
"Testosterone propionate_20.588","centrin",19698452.7382157,7.96666666666667,21996802.0360449,8.3,5440735.948515,0.850490054811538,3,3,3141210.36446481,0.491030662088541
"Testosterone propionate_20.588","olddry",6836181.3729448,7.1,6836181.3729448,7.1,6321508.56358814,2.26274169979695,2,2,4469981.57264201,1.6
"Testosterone propionate_21.462","centrin",11928253.6497619,7.53333333333333,11649396.5414268,7.7,1955331.81192359,0.288675134594813,3,3,1128911.34796912,0.166666666666667
"Testosterone propionate_21.462","digesterC",11708510.0980888,6.9,11708510.0980888,6.9,993648.464926739,1.13137084989848,2,2,702615.5676653,0.8
"Testosterone propionate_21.462","digesterD",9331206.05483285,8.1,9331206.05483285,8.1,1324549.43771026,0.282842712474619,2,2,936597.889421755,0.2
"Testosterone propionate_21.462","newdry",12042986.6271972,6.96666666666667,13038782.733407,6.6,1767987.53142019,0.635085296108589,3,3,1020748.07718935,0.366666666666667
"Tetrahydrocannabivarin (THCV)_17.434","newdry",11967504.8914195,5.8,11967504.8914195,5.8,3287074.42058062,0.424264068711928,2,2,2324312.6130574,0.3
"Tetrahydrogestrinone_18.631","newdry",7956560.50574242,5.7,5362294.00754884,5.8,7557431.3992862,0.264575131106459,3,3,4363285.05276002,0.152752523165195
"Trenbolone acetate_16.096","digesterB",11526457.1203523,7.75,11526457.1203523,7.75,2468164.14426946,0.777817459305203,2,2,1745255.60349443,0.55
"Trimetazidine_7.9","digesterB",32059456.6641646,7.4,32059456.6641646,7.4,3634149.53130383,0.14142135623731,2,2,2569731.77743085,0.1
"Trimetazidine_7.9","digesterD",43075354.2413782,6.85,43075354.2413782,6.85,21216651.4361441,0.636396103067892,2,2,15002438.1045688,0.45
"Trimetazidine_7.9","feedpump",18602626.3770894,5.7,18602626.3770894,5.7,9101928.57524033,0.565685424949238,2,2,6436035.41742805,0.4
"Trimetazidine_7.9","olddry",47524827.8735811,7.4,47524827.8735811,7.4,27751290.7169169,0.565685424949238,2,2,19623125.8526112,0.4
"UR-144_20.1","centrin",6003036.91695361,7.36666666666667,6337583.29994433,7.4,607350.862874385,0.55075705472861,3,3,350654.184173078,0.317979733805649
"UR-144_20.242","feedpump",4737554.44986479,6.46666666666667,4701240.30772197,7.1,651239.512057638,1.09696551146029,3,3,375993.307593398,0.633333333333333
"alpha-pyrrolidinovalerophenone_18.017","digesterA",7265025.06263586,7.4,7265025.06263586,7.4,3225383.39907634,0.424264068711929,2,2,2280690.4734134,0.3
"alpha-pyrrolidinovalerophenone_18.017","digesterB",7169521.3721459,7.4,7169521.3721459,7.4,1691224.41615702,0,2,2,1195876.25317289,0
"alpha-pyrrolidinovalerophenone_18.017","newdry",6055769.987582,6.6,6055769.987582,6.6,919925.507409057,1.13137084989848,2,2,650485.56447542,0.8
"alpha-pyrrolidinovalerophenone_18.133","newdry",4043282.64008052,6.8,4043282.64008052,6.8,912067.623650028,0.424264068711928,2,2,644929.201583635,0.3
"alpha-pyrrolidinovalerophenone_18.481","feedpump",24198494.365238,6.95,24198494.365238,6.95,795852.475505446,1.48492424049175,2,2,562752.682254001,1.05
"alpha-pyrrolidinovalerophenone_18.636","feedpump",6708433.91501583,7.1,6708433.91501583,7.1,3620875.61300903,0.848528137423857,2,2,2560345.69979169,0.6
